cluster_id,avg_pdr,throughput_kbps,avg_delay_ms,loss_ratio,rekeys,ch_stability
0,0.692308,0.73728,0.683333,0.230769,23,1
1,0.7,0.709973,0.864286,0.3,17,1
2,0.666667,0.69632,1,0.333333,14,1
