cluster_id,avg_pdr,throughput_kbps,avg_delay_ms,loss_ratio,rekeys,ch_stability
0,0.594059,1.03629,1.12595,0.0594059,3,1
1,0.5625,1.03219,1.2455,0.0625,3,1
2,0.593407,1.03219,1.2455,0.0659341,2,1
