uav_id,cluster_id,pdr,throughput_kbps,avg_delay_ms,loss_ratio
0,0,0.625,0.223232,0.245,0.0625
1,0,0.588235,0.223232,0.245,0.0588235
2,0,0.5625,0.221184,0.266667,0.0625
3,0,0.5625,0.221184,0.266667,0.0625
4,0,0.5625,0.221184,0.266667,0.0625
5,0,0.6,0.221184,0.266667,0.0666667
6,1,0,0,0,0
7,1,0,0,0,0
8,1,0,0,0,0
9,1,0,0,0,0
10,1,0,0,0,0
11,1,0,0,0,0
12,2,0,0,0,0
13,2,0,0,0,0
14,2,0,0,0,0
15,2,0,0,0,0
16,2,0,0,0,0
17,2,0,0,0,0
