cluster_id,avg_pdr,throughput_kbps,avg_delay_ms,loss_ratio,rekeys,ch_stability
0,0.630435,1.1776,1.01667,0.130435,3,1
1,0.585366,1.16736,1.21806,0.146341,3,1
2,0.666667,0.58368,1.21806,0.166667,2,1
