cluster_id,avg_pdr,throughput_kbps,avg_delay_ms,loss_ratio,rekeys,ch_stability
0,0.705882,1.024,1.21944,0.352941,3,1
1,0.666667,1.024,1.21944,0.333333,3,1
2,0.857143,0.512,1.21944,0.428571,2,1
